"Type ","AA type ","Anticodon ","Organism ","Organellum ","accept|  |   D-domain      ||anticodon domain ||   variable region   ||   T-domain    ||accept|        10|        20|         30|       40|                          50|       60|       70|      012345678901234567-890--1234567890123456789012345eeeeeeeeeeeeeeeeeee6789012345678901234567890123456","MINTbase "
"tRNA ","Ala ","AGC ","Saccharomyces cerevisiae ","cytosolic ","-GGGCGUGU1-methylguanosine[show modification pathway]');return false"">KGCGUAGdihydrouridine[show modification pathway]');return false"">DC-GGdihydrouridine[show modification pathway]');return false"">D--AGCGCN2,N2-dimethylguanosine[show modification pathway]');return false"">RCUCCCUUinosine[show modification pathway]');return false"">IGC1-methylinosine[show modification pathway]');return false"">Opseudouridine[show modification pathway]');return false"">PGGGAGAG-------------------Gdihydrouridine[show modification pathway]');return false"">DCUCCGGTpseudouridine[show modification pathway]');return false"">PCGAUUCCGGACUCGUCCACCA",""
"tRNA ","Arg ","UCU ","Saccharomyces cerevisiae ","cytosolic ","-GCUCGCGU1-methylguanosine[show modification pathway]');return false"">KN2-methylguanosine[show modification pathway]');return false"">LCGUAAdihydrouridine[show modification pathway]');return false"">D--GGC--AACGCN2,N2-dimethylguanosine[show modification pathway]');return false"">Rpseudouridine[show modification pathway]');return false"">PCUGACU5-methoxycarbonylmethyluridine[show modification pathway]');return false"">1CUN6-threonylcarbamoyladenosine[show modification pathway]');return false"">6Apseudouridine[show modification pathway]');return false"">PCAGAAG-------------------Adihydrouridine[show modification pathway]');return false"">DUAUGGGTpseudouridine[show modification pathway]');return false"">PCG1-methyladenosine[show modification pathway]');return false"">""CCCCCAUCGUGAGUGCCA",""
"tRNA ","Arg ","ICG ","Saccharomyces cerevisiae ","cytosolic ","-pseudouridine[show modification pathway]');return false"">PUCCUCGU1-methylguanosine[show modification pathway]');return false"">KN2-methylguanosine[show modification pathway]');return false"">LCCCAAdihydrouridine[show modification pathway]');return false"">D--GGdihydrouridine[show modification pathway]');return false"">DC-ACGGCN2,N2-dimethylguanosine[show modification pathway]');return false"">Rpseudouridine[show modification pathway]');return false"">PCUGGCUinosine[show modification pathway]');return false"">ICGAACCAGAAG-------------------Adihydrouridine[show modification pathway]');return false"">DU5-methylcytidine[show modification pathway]');return false"">?CAGGTpseudouridine[show modification pathway]');return false"">PCA1-methyladenosine[show modification pathway]');return false"">""GUCCUGGCGGGGAAGCCA",""
"tRNA ","Asn ","GUU ","Saccharomyces cerevisiae ","cytosolic ","-GACUCCAUGN2-methylguanosine[show modification pathway]');return false"">LCCAAGdihydrouridine[show modification pathway]');return false"">Ddihydrouridine[show modification pathway]');return false"">D-GGdihydrouridine[show modification pathway]');return false"">Ddihydrouridine[show modification pathway]');return false"">D-AAGGCN2,N2-dimethylguanosine[show modification pathway]');return false"">RUGCGACUGUUN6-threonylcarbamoyladenosine[show modification pathway]');return false"">6Apseudouridine[show modification pathway]');return false"">PCGCAAG-------------------Adihydrouridine[show modification pathway]');return false"">D5-methylcytidine[show modification pathway]');return false"">?GUGAGTpseudouridine[show modification pathway]');return false"">PCA1-methyladenosine[show modification pathway]');return false"">""CCCUCACUGGGGUCGCCA",""
"tRNA ","Asp ","GUC ","Saccharomyces cerevisiae ","cytosolic ","-UCCGUGAUAGUUpseudouridine[show modification pathway]');return false"">PAAdihydrouridine[show modification pathway]');return false"">D--GGdihydrouridine[show modification pathway]');return false"">DC-AGAAUGGGCGCpseudouridine[show modification pathway]');return false"">PUGUC1-methylguanosine[show modification pathway]');return false"">KCGUGCCAG-------------------A-U5-methylcytidine[show modification pathway]');return false"">?GGGGTpseudouridine[show modification pathway]');return false"">PCAAUUCCCCGUCGCGGAGCCA",""
"tRNA ","Cys ","GCA ","Saccharomyces cerevisiae ","cytosolic ","-GCUCGUAUGGCGCAGdihydrouridine[show modification pathway]');return false"">D--GGdihydrouridine[show modification pathway]');return false"">D--AGCGCAGCAGApseudouridine[show modification pathway]');return false"">PUGCAN6-isopentenyladenosine[show modification pathway]');return false"">+Apseudouridine[show modification pathway]');return false"">PCUGUUG-------------------7-methylguanosine[show modification pathway]');return false"">7dihydrouridine[show modification pathway]');return false"">D5-methylcytidine[show modification pathway]');return false"">?CUUAGTpseudouridine[show modification pathway]');return false"">PCG1-methyladenosine[show modification pathway]');return false"">""UCCUGAGUGCGAGCUCCA",""
"tRNA ","Glu ","UUC ","Saccharomyces cerevisiae ","cytosolic ","-UCCGAUAUAGUGpseudouridine[show modification pathway]');return false"">PAAC--GGCdihydrouridine[show modification pathway]');return false"">D-AUCACApseudouridine[show modification pathway]');return false"">PCACGCU5-methoxycarbonylmethyl-2-thiouridine[show modification pathway]');return false"">3UCACCGUGGAG-------------------A-C5-methylcytidine[show modification pathway]');return false"">?GGGGTpseudouridine[show modification pathway]');return false"">PCGACUCCCCGUAUCGGAGCCA",""
"tRNA ","Gly ","GCC ","Saccharomyces cerevisiae ","cytosolic ","-GCG2′-O-methylcytidine[show modification pathway]');return false"">BAAGU1-methylguanosine[show modification pathway]');return false"">KGUUpseudouridine[show modification pathway]');return false"">PAGdihydrouridine[show modification pathway]');return false"">D--GGdihydrouridine[show modification pathway]');return false"">D--AAAAUCCAACGpseudouridine[show modification pathway]');return false"">PUGCCApseudouridine[show modification pathway]');return false"">PCGUUGGG---------------------C5-methylcytidine[show modification pathway]');return false"">?CCGGTpseudouridine[show modification pathway]');return false"">PCGAUUCCGGGCUUGCGCACCA",""
"tRNA ","Gly ","UCC ","Saccharomyces cerevisiae ","cytosolic ","-GGGCGGUUAGUGpseudouridine[show modification pathway]');return false"">PAGdihydrouridine[show modification pathway]');return false"">D--GGdihydrouridine[show modification pathway]');return false"">Ddihydrouridine[show modification pathway]');return false"">D-AUCAUCCCACCCUunknown modified uridine[show modification pathway]');return false"">NCCAAGGUGGGG-------------------A-CACGGGTpseudouridine[show modification pathway]');return false"">PCGAUUCUCGUACCGCUCACCA",""
"tRNA ","His ","GUG ","Saccharomyces cerevisiae ","cytosolic ","GGCC2′-O-methyladenosine[show modification pathway]');return false"">:UCUUAGUApseudouridine[show modification pathway]');return false"">PAGdihydrouridine[show modification pathway]');return false"">D--2′-O-methylguanosine[show modification pathway]');return false"">#Gdihydrouridine[show modification pathway]');return false"">Ddihydrouridine[show modification pathway]');return false"">D-AGUACACAACApseudouridine[show modification pathway]');return false"">PUGUG1-methylguanosine[show modification pathway]');return false"">KCpseudouridine[show modification pathway]');return false"">PGUUGAA-------------------A-C5-methylcytidine[show modification pathway]');return false"">?CUGGTpseudouridine[show modification pathway]');return false"">PCGAUUCUAGGAGGUGGCACCA",""
"tRNA ","His ","GUG ","Saccharomyces cerevisiae ","cytosolic ","GGCC2′-O-methyladenosine[show modification pathway]');return false"">:UCUUAGUApseudouridine[show modification pathway]');return false"">PAGdihydrouridine[show modification pathway]');return false"">D--2′-O-methylguanosine[show modification pathway]');return false"">#Gdihydrouridine[show modification pathway]');return false"">Ddihydrouridine[show modification pathway]');return false"">D-AGUACACAUCGpseudouridine[show modification pathway]');return false"">PUGUG1-methylguanosine[show modification pathway]');return false"">KCCGAUGAA-------------------A-C5-methylcytidine[show modification pathway]');return false"">?CUGGTpseudouridine[show modification pathway]');return false"">PCGAUUCUAGGAGAUGGCACCA",""
"tRNA ","Ile ","AAU ","Saccharomyces cerevisiae ","cytosolic ","-GGUCUCUU1-methylguanosine[show modification pathway]');return false"">KN2-methylguanosine[show modification pathway]');return false"">LCCCAGdihydrouridine[show modification pathway]');return false"">Ddihydrouridine[show modification pathway]');return false"">D-GGdihydrouridine[show modification pathway]');return false"">Ddihydrouridine[show modification pathway]');return false"">D-AAGGCACCGUGCUinosine[show modification pathway]');return false"">IAUN6-threonylcarbamoyladenosine[show modification pathway]');return false"">6ACGCGGGG-------------------Adihydrouridine[show modification pathway]');return false"">D5-methylcytidine[show modification pathway]');return false"">?AGCGGTpseudouridine[show modification pathway]');return false"">PCG1-methyladenosine[show modification pathway]');return false"">""UCCCGCUAGAGACCACCA",""
"tRNA ","Ile ","UAU ","Saccharomyces cerevisiae ","cytosolic ","-GCUCGUGUAN2-methylguanosine[show modification pathway]');return false"">LCUCAGdihydrouridine[show modification pathway]');return false"">D--GGdihydrouridine[show modification pathway]');return false"">Ddihydrouridine[show modification pathway]');return false"">D-AGAGCUpseudouridine[show modification pathway]');return false"">PCGUGCUpseudouridine[show modification pathway]');return false"">PApseudouridine[show modification pathway]');return false"">PN6-threonylcarbamoyladenosine[show modification pathway]');return false"">6ACGCGACC-------------------7-methylguanosine[show modification pathway]');return false"">7dihydrouridine[show modification pathway]');return false"">D5-methylcytidine[show modification pathway]');return false"">?GUGGGTpseudouridine[show modification pathway]');return false"">PCA1-methyladenosine[show modification pathway]');return false"">""UCCCCACCpseudouridine[show modification pathway]');return false"">PCGAGCACCA",""
"tRNA ","Leu ","UAG ","Saccharomyces cerevisiae ","cytosolic ","-GGGAGUUUGN2-methylguanosine[show modification pathway]');return false"">LCN4-acetylcytidine[show modification pathway]');return false"">MGAGdihydrouridine[show modification pathway]');return false"">D--2′-O-methylguanosine[show modification pathway]');return false"">#Gdihydrouridine[show modification pathway]');return false"">Ddihydrouridine[show modification pathway]');return false"">Ddihydrouridine[show modification pathway]');return false"">DAAGGCN2,N2-dimethylguanosine[show modification pathway]');return false"">Rpseudouridine[show modification pathway]');return false"">PCAGApseudouridine[show modification pathway]');return false"">PUUAG1-methylguanosine[show modification pathway]');return false"">KCpseudouridine[show modification pathway]');return false"">PCUGAU-AUC----UUCG-----GAUG-5-methylcytidine[show modification pathway]');return false"">?AAGGGTpseudouridine[show modification pathway]');return false"">PCG1-methyladenosine[show modification pathway]');return false"">""AUCCCUUAGCUCUCACCA",""
"tRNA ","Leu ","CAA ","Saccharomyces cerevisiae ","cytosolic ","-GGUUGUUUGN2-methylguanosine[show modification pathway]');return false"">LCN4-acetylcytidine[show modification pathway]');return false"">MGAGC--2′-O-methylguanosine[show modification pathway]');return false"">#Gdihydrouridine[show modification pathway]');return false"">DCdihydrouridine[show modification pathway]');return false"">DAAGGCN2,N2-dimethylguanosine[show modification pathway]');return false"">RCCUGApseudouridine[show modification pathway]');return false"">PU5-methylcytidine[show modification pathway]');return false"">?AA1-methylguanosine[show modification pathway]');return false"">KCpseudouridine[show modification pathway]');return false"">PCAGGU-AUC----GUAA-----GAUG-5-methylcytidine[show modification pathway]');return false"">?AAGAGTpseudouridine[show modification pathway]');return false"">PCGAAUCUCUUAGCAACCACCA",""
"tRNA ","Leu ","UAA ","Saccharomyces cerevisiae ","cytosolic ","-GGAGGGUUGN2-methylguanosine[show modification pathway]');return false"">LCN4-acetylcytidine[show modification pathway]');return false"">MGAGdihydrouridine[show modification pathway]');return false"">D--2′-O-methylguanosine[show modification pathway]');return false"">#Gdihydrouridine[show modification pathway]');return false"">DCdihydrouridine[show modification pathway]');return false"">DAAGGCN2,N2-dimethylguanosine[show modification pathway]');return false"">RGCAGA2′-O-methylcytidine[show modification pathway]');return false"">BUunknown modified uridine[show modification pathway]');return false"">NAA1-methylguanosine[show modification pathway]');return false"">KApseudouridine[show modification pathway]');return false"">PCUG-UUGGAC---GGUU----GUCC-G5-methylcytidine[show modification pathway]');return false"">?GCGAGTpseudouridine[show modification pathway]');return false"">PCG1-methyladenosine[show modification pathway]');return false"">""ACCUCGCAUCCUUCACCA",""
"tRNA ","Lys ","CUU ","Saccharomyces cerevisiae ","cytosolic ","-GCCUUGUU1-methylguanosine[show modification pathway]');return false"">KN2-methylguanosine[show modification pathway]');return false"">LCGCAAdihydrouridine[show modification pathway]');return false"">DC-GGdihydrouridine[show modification pathway]');return false"">D--AGCGCN2,N2-dimethylguanosine[show modification pathway]');return false"">Rpseudouridine[show modification pathway]');return false"">PAUGACUCUUN6-threonylcarbamoyladenosine[show modification pathway]');return false"">6Apseudouridine[show modification pathway]');return false"">PCAUAAG-------------------7-methylguanosine[show modification pathway]');return false"">7UUAGGGGTpseudouridine[show modification pathway]');return false"">PCG1-methyladenosine[show modification pathway]');return false"">""GCCCCCUACAGGGCUCCA",""
"tRNA ","Lys ","3UU ","Saccharomyces cerevisiae ","cytosolic ","-pseudouridine[show modification pathway]');return false"">PCCUUGUUAN2-methylguanosine[show modification pathway]');return false"">LCUCAGdihydrouridine[show modification pathway]');return false"">Ddihydrouridine[show modification pathway]');return false"">D-GGdihydrouridine[show modification pathway]');return false"">D--AGAGCN2,N2-dimethylguanosine[show modification pathway]');return false"">Rpseudouridine[show modification pathway]');return false"">Ppseudouridine[show modification pathway]');return false"">PCGGCU5-methoxycarbonylmethyl-2-thiouridine[show modification pathway]');return false"">3UUN6-threonylcarbamoyladenosine[show modification pathway]');return false"">6ACCGAAAU-------------------7-methylguanosine[show modification pathway]');return false"">7dihydrouridine[show modification pathway]');return false"">D5-methylcytidine[show modification pathway]');return false"">?AGGGGTpseudouridine[show modification pathway]');return false"">PCG1-methyladenosine[show modification pathway]');return false"">""GCCCCCUApseudouridine[show modification pathway]');return false"">PGAGGAGCCA",""
"tRNA ","Met ","CAU ","Saccharomyces cerevisiae ","cytosolic ","-GCUUCAGUAN2-methylguanosine[show modification pathway]');return false"">LCUCAGdihydrouridine[show modification pathway]');return false"">DA-GGA--AGAGCN2,N2-dimethylguanosine[show modification pathway]');return false"">Rpseudouridine[show modification pathway]');return false"">PCAGpseudouridine[show modification pathway]');return false"">PCUCAUN6-threonylcarbamoyladenosine[show modification pathway]');return false"">6Apseudouridine[show modification pathway]');return false"">PCUGAAG-------------------7-methylguanosine[show modification pathway]');return false"">7dihydrouridine[show modification pathway]');return false"">D5-methylcytidine[show modification pathway]');return false"">?GAGAGTpseudouridine[show modification pathway]');return false"">PCG1-methyladenosine[show modification pathway]');return false"">""ACCUCUCCUGGAGCACCA",""
"tRNA ","Phe ","GAA ","Saccharomyces cerevisiae ","cytosolic ","-GCGGAUUUAN2-methylguanosine[show modification pathway]');return false"">LCUCAGdihydrouridine[show modification pathway]');return false"">Ddihydrouridine[show modification pathway]');return false"">D-GGG--AGAGCN2,N2-dimethylguanosine[show modification pathway]');return false"">RCCAGA2′-O-methylcytidine[show modification pathway]');return false"">BU2′-O-methylguanosine[show modification pathway]');return false"">#AAwybutosine[show modification pathway]');return false"">YApseudouridine[show modification pathway]');return false"">P5-methylcytidine[show modification pathway]');return false"">?UGGAG-------------------7-methylguanosine[show modification pathway]');return false"">7UC5-methylcytidine[show modification pathway]');return false"">?UGUGTpseudouridine[show modification pathway]');return false"">PCG1-methyladenosine[show modification pathway]');return false"">""UCCACAGAAUUCGCACCA",""
"tRNA ","Phe ","GAA ","Saccharomyces cerevisiae ","cytosolic ","-GCGGACUUAN2-methylguanosine[show modification pathway]');return false"">LCUCAGdihydrouridine[show modification pathway]');return false"">Ddihydrouridine[show modification pathway]');return false"">D-GGG--AGAGCN2,N2-dimethylguanosine[show modification pathway]');return false"">RCCAGA2′-O-methylcytidine[show modification pathway]');return false"">BU2′-O-methylguanosine[show modification pathway]');return false"">#AAwybutosine[show modification pathway]');return false"">YApseudouridine[show modification pathway]');return false"">P5-methylcytidine[show modification pathway]');return false"">?UGGAG-------------------7-methylguanosine[show modification pathway]');return false"">7UC5-methylcytidine[show modification pathway]');return false"">?UGUGTpseudouridine[show modification pathway]');return false"">PCG1-methyladenosine[show modification pathway]');return false"">""UCCACAGAGUUCGCACCA",""
"tRNA ","Pro ","UGG ","Saccharomyces cerevisiae ","cytosolic ","-GGG2′-O-methylcytidine[show modification pathway]');return false"">BGUGU1-methylguanosine[show modification pathway]');return false"">KGUCpseudouridine[show modification pathway]');return false"">PAGdihydrouridine[show modification pathway]');return false"">D--GGdihydrouridine[show modification pathway]');return false"">D--AUGAUUCUCGCpseudouridine[show modification pathway]');return false"">PUunknown modified uridine[show modification pathway]');return false"">NGG1-methylguanosine[show modification pathway]');return false"">Kpseudouridine[show modification pathway]');return false"">PGCGAGAG-------------------7-methylguanosine[show modification pathway]');return false"">7CCCUGGGTpseudouridine[show modification pathway]');return false"">PCA1-methyladenosine[show modification pathway]');return false"">""UUCCCAGCUCGCCCCCCA",""
"tRNA ","Ser ","CGA ","Saccharomyces cerevisiae ","cytosolic ","-GGCACUAUGGCN4-acetylcytidine[show modification pathway]');return false"">MGAGdihydrouridine[show modification pathway]');return false"">D--2′-O-methylguanosine[show modification pathway]');return false"">#Gdihydrouridine[show modification pathway]');return false"">Ddihydrouridine[show modification pathway]');return false"">D-AAGGCN2,N2-dimethylguanosine[show modification pathway]');return false"">RAGAGA3-methylcytidine[show modification pathway]');return false"">'UCGAN6-isopentenyladenosine[show modification pathway]');return false"">+Apseudouridine[show modification pathway]');return false"">PCUCU2′-O-methyluridine[show modification pathway]');return false"">J-GGGC---UCU-----GCCCG-5-methylcytidine[show modification pathway]');return false"">?GCUGGTpseudouridine[show modification pathway]');return false"">PCAAAUCCUGCUGGUGUCGCCA",""
"tRNA ","Ser ","UGA ","Saccharomyces cerevisiae ","cytosolic ","-GGCACUAUGGCN4-acetylcytidine[show modification pathway]');return false"">MGAGdihydrouridine[show modification pathway]');return false"">D--2′-O-methylguanosine[show modification pathway]');return false"">#Gdihydrouridine[show modification pathway]');return false"">Ddihydrouridine[show modification pathway]');return false"">D-AAGGCN2,N2-dimethylguanosine[show modification pathway]');return false"">RACAGA3-methylcytidine[show modification pathway]');return false"">'U5-carbamoylmethyluridine[show modification pathway]');return false"">&GAN6-isopentenyladenosine[show modification pathway]');return false"">+Apseudouridine[show modification pathway]');return false"">PCUGU2′-O-methyluridine[show modification pathway]');return false"">J-GGGC---UCU-----GCCCG-5-methylcytidine[show modification pathway]');return false"">?GCUGGTpseudouridine[show modification pathway]');return false"">PCAAAUCCUGCUGGUGUCGCCA",""
"tRNA ","Ser ","IGA ","Saccharomyces cerevisiae ","cytosolic ","-GGCAACUUGGCN4-acetylcytidine[show modification pathway]');return false"">MGAGdihydrouridine[show modification pathway]');return false"">D--2′-O-methylguanosine[show modification pathway]');return false"">#Gdihydrouridine[show modification pathway]');return false"">Ddihydrouridine[show modification pathway]');return false"">D-AAGGCN2,N2-dimethylguanosine[show modification pathway]');return false"">RAAAGApseudouridine[show modification pathway]');return false"">PUinosine[show modification pathway]');return false"">IGAN6-isopentenyladenosine[show modification pathway]');return false"">+Apseudouridine[show modification pathway]');return false"">PCUUU2′-O-methyluridine[show modification pathway]');return false"">J-GGGC---UCU-----GCCCG-5-methylcytidine[show modification pathway]');return false"">?GCAGGTpseudouridine[show modification pathway]');return false"">PCAAAUCCUGCAGUUGUCGCCA",""
"tRNA ","Ser ","IGA ","Saccharomyces cerevisiae ","cytosolic ","-GGCAACUUGGCN4-acetylcytidine[show modification pathway]');return false"">MGAGdihydrouridine[show modification pathway]');return false"">D--2′-O-methylguanosine[show modification pathway]');return false"">#Gdihydrouridine[show modification pathway]');return false"">Ddihydrouridine[show modification pathway]');return false"">D-AAGGCN2,N2-dimethylguanosine[show modification pathway]');return false"">RAAAGApseudouridine[show modification pathway]');return false"">PUinosine[show modification pathway]');return false"">IGAN6-isopentenyladenosine[show modification pathway]');return false"">+Apseudouridine[show modification pathway]');return false"">PCUUU2′-O-methyluridine[show modification pathway]');return false"">J-GGGC---UUU-----GCCCG-5-methylcytidine[show modification pathway]');return false"">?GCAGGTpseudouridine[show modification pathway]');return false"">PCGAGUCCUGCAGUUGUCGCCA",""
"tRNA ","Ser ","GCU ","Saccharomyces cerevisiae ","cytosolic ","-GUCCCAGUGGCN4-acetylcytidine[show modification pathway]');return false"">MGAGdihydrouridine[show modification pathway]');return false"">D--2′-O-methylguanosine[show modification pathway]');return false"">#Gdihydrouridine[show modification pathway]');return false"">Ddihydrouridine[show modification pathway]');return false"">D-AAGGCN2,N2-dimethylguanosine[show modification pathway]');return false"">RAUGCCCUGCUN6-threonylcarbamoyladenosine[show modification pathway]');return false"">6AGGCAU2′-O-methyluridine[show modification pathway]');return false"">J-GGGU---UUU-----ACCUG-5-methylcytidine[show modification pathway]');return false"">?GCAGGTpseudouridine[show modification pathway]');return false"">PCG1-methyladenosine[show modification pathway]');return false"">""AUCCUGUCUGUGACGCCA",""
"tRNA ","Thr ","AGU ","Saccharomyces cerevisiae ","cytosolic ","-GCUUCUAUGN2-methylguanosine[show modification pathway]');return false"">LCCAAGdihydrouridine[show modification pathway]');return false"">Ddihydrouridine[show modification pathway]');return false"">D-GGdihydrouridine[show modification pathway]');return false"">D--AAGGCN2,N2-dimethylguanosine[show modification pathway]');return false"">RCCACA3-methylcytidine[show modification pathway]');return false"">'Uinosine[show modification pathway]');return false"">IGUN6-threonylcarbamoyladenosine[show modification pathway]');return false"">6Apseudouridine[show modification pathway]');return false"">PGUGGAG-------------------Adihydrouridine[show modification pathway]');return false"">D5-methylcytidine[show modification pathway]');return false"">?AUCGGTpseudouridine[show modification pathway]');return false"">PCA1-methyladenosine[show modification pathway]');return false"">""AUCCGAUUGGAAGCACCA",""
"tRNA ","Thr ","AGU ","Saccharomyces cerevisiae ","cytosolic ","-GCUUCUAUGN2-methylguanosine[show modification pathway]');return false"">LCCAAGdihydrouridine[show modification pathway]');return false"">Ddihydrouridine[show modification pathway]');return false"">D-GGdihydrouridine[show modification pathway]');return false"">D--AAGGCN2,N2-dimethylguanosine[show modification pathway]');return false"">RCCACA3-methylcytidine[show modification pathway]');return false"">'Uinosine[show modification pathway]');return false"">IGUN6-threonylcarbamoyladenosine[show modification pathway]');return false"">6Apseudouridine[show modification pathway]');return false"">PGUGGAG-------------------Adihydrouridine[show modification pathway]');return false"">D5-methylcytidine[show modification pathway]');return false"">?GUCGGTpseudouridine[show modification pathway]');return false"">PCA1-methyladenosine[show modification pathway]');return false"">""AUCCGACUGGAAGCACCA",""
"tRNA ","Trp ","CCA ","Saccharomyces cerevisiae ","cytosolic ","-GAAGCGGU1-methylguanosine[show modification pathway]');return false"">KN2-methylguanosine[show modification pathway]');return false"">LCUCAAdihydrouridine[show modification pathway]');return false"">D--2′-O-methylguanosine[show modification pathway]');return false"">#Gdihydrouridine[show modification pathway]');return false"">D--AGAGCpseudouridine[show modification pathway]');return false"">Ppseudouridine[show modification pathway]');return false"">Ppseudouridine[show modification pathway]');return false"">PCGA2′-O-methylcytidine[show modification pathway]');return false"">BU2′-O-methylcytidine[show modification pathway]');return false"">BCAAApseudouridine[show modification pathway]');return false"">PCGAAGG-------------------7-methylguanosine[show modification pathway]');return false"">7dihydrouridine[show modification pathway]');return false"">DUGCAGGTpseudouridine[show modification pathway]');return false"">PCA1-methyladenosine[show modification pathway]');return false"">""UUCCUGpseudouridine[show modification pathway]');return false"">PCCGUUUCACCA",""
"tRNA ","Tyr ","GUA ","Saccharomyces cerevisiae ","cytosolic ","-CUCUCGGUAN2-methylguanosine[show modification pathway]');return false"">LCCAAGdihydrouridine[show modification pathway]');return false"">Ddihydrouridine[show modification pathway]');return false"">D-2′-O-methylguanosine[show modification pathway]');return false"">#Gdihydrouridine[show modification pathway]');return false"">Ddihydrouridine[show modification pathway]');return false"">Ddihydrouridine[show modification pathway]');return false"">DAAGGCN2,N2-dimethylguanosine[show modification pathway]');return false"">RCAAGACUGpseudouridine[show modification pathway]');return false"">PAN6-isopentenyladenosine[show modification pathway]');return false"">+Apseudouridine[show modification pathway]');return false"">PCUUGAG-------------------Adihydrouridine[show modification pathway]');return false"">D5-methylcytidine[show modification pathway]');return false"">?GGGCGTpseudouridine[show modification pathway]');return false"">PCG1-methyladenosine[show modification pathway]');return false"">""CUCGCCCCCGGGAGACCA",""
"tRNA ","Val ","UAC ","Saccharomyces cerevisiae ","cytosolic ","-GGUCCAAUGN2-methylguanosine[show modification pathway]');return false"">LUCCAGdihydrouridine[show modification pathway]');return false"">D--GGdihydrouridine[show modification pathway]');return false"">Ddihydrouridine[show modification pathway]');return false"">DCAAGACN2,N2-dimethylguanosine[show modification pathway]');return false"">Rpseudouridine[show modification pathway]');return false"">PCGCCpseudouridine[show modification pathway]');return false"">PU5-carbamoylmethyluridine[show modification pathway]');return false"">&ACACGGCGAAG-------------------Adihydrouridine[show modification pathway]');return false"">DC5-methylcytidine[show modification pathway]');return false"">?CGAGTpseudouridine[show modification pathway]');return false"">PCG1-methyladenosine[show modification pathway]');return false"">""ACCUCGGUUGGAUCACCA",""
"tRNA ","Val ","CAC ","Saccharomyces cerevisiae ","cytosolic ","-GUUCCAAUAN2-methylguanosine[show modification pathway]');return false"">LUGpseudouridine[show modification pathway]');return false"">PAGC--GGCdihydrouridine[show modification pathway]');return false"">D-AUCACN2-methylguanosine[show modification pathway]');return false"">Lpseudouridine[show modification pathway]');return false"">Ppseudouridine[show modification pathway]');return false"">PGCCpseudouridine[show modification pathway]');return false"">PUCACACGGCAAAG-------------------7-methylguanosine[show modification pathway]');return false"">7dihydrouridine[show modification pathway]');return false"">DC5-methylcytidine[show modification pathway]');return false"">?CGAGTpseudouridine[show modification pathway]');return false"">PCG1-methyladenosine[show modification pathway]');return false"">""UCCUCGGUUGGAACACCA",""
"tRNA ","Val ","AAC ","Saccharomyces cerevisiae ","cytosolic ","-GGUUUCGU1-methylguanosine[show modification pathway]');return false"">KGUCpseudouridine[show modification pathway]');return false"">PAGdihydrouridine[show modification pathway]');return false"">DC-GGdihydrouridine[show modification pathway]');return false"">Ddihydrouridine[show modification pathway]');return false"">D-AUGGCApseudouridine[show modification pathway]');return false"">PCUGCpseudouridine[show modification pathway]');return false"">PUinosine[show modification pathway]');return false"">IACACGCAGAAC-------------------7-methylguanosine[show modification pathway]');return false"">7dihydrouridine[show modification pathway]');return false"">DC5-methylcytidine[show modification pathway]');return false"">?CCAGTpseudouridine[show modification pathway]');return false"">PCG1-methyladenosine[show modification pathway]');return false"">""UCCUGGGCGAAAUCACCA",""
"tRNA ","Ini ","CAU ","Saccharomyces cerevisiae ","cytosolic ","-AGCGCCGU1-methylguanosine[show modification pathway]');return false"">KN2-methylguanosine[show modification pathway]');return false"">LCGCAGdihydrouridine[show modification pathway]');return false"">D--GGA--AGCGCN2,N2-dimethylguanosine[show modification pathway]');return false"">RCAGGGCUCAUN6-threonylcarbamoyladenosine[show modification pathway]');return false"">6ACCCUGAU-------------------7-methylguanosine[show modification pathway]');return false"">7dihydrouridine[show modification pathway]');return false"">D5-methylcytidine[show modification pathway]');return false"">?5-methylcytidine[show modification pathway]');return false"">?UCGGAUCG1-methyladenosine[show modification pathway]');return false"">""AACCG2′-O-ribosyladenosine (phosphate)[show modification pathway]');return false"">^GCGGCGCUACCA",""
"tRNA ","Ile ","GAU ","Saccharomyces cerevisiae ","mitochondrial ","-GAAACUAUAAUUCAAdihydrouridine[show modification pathway]');return false"">Ddihydrouridine[show modification pathway]');return false"">D-GGdihydrouridine[show modification pathway]');return false"">DU-AGAAUAGUAUpseudouridine[show modification pathway]');return false"">PUUGAUN6-threonylcarbamoyladenosine[show modification pathway]');return false"">6AGGUACAA-------------------A-UAUAGGTpseudouridine[show modification pathway]');return false"">PCAAUCCCUGUUAGUUUCACCA",""
"tRNA ","Leu ","!AA ","Saccharomyces cerevisiae ","mitochondrial ","-GCUAUUUUGGUGGAAdihydrouridine[show modification pathway]');return false"">DU-GGdihydrouridine[show modification pathway]');return false"">DA-GACACN2,N2-dimethylguanosine[show modification pathway]');return false"">RAUACpseudouridine[show modification pathway]');return false"">PCU5-carboxymethylaminomethyluridine[show modification pathway]');return false"">!AA1-methylguanosine[show modification pathway]');return false"">KApseudouridine[show modification pathway]');return false"">PGUAUU-ACU----UUAC-----AGUA-UGAAGGTpseudouridine[show modification pathway]');return false"">PCAAGUCCUUUAAAUAGCACCA",""
"tRNA ","Lys ","$UU ","Saccharomyces cerevisiae ","mitochondrial ","-GAGAAUAUUGUUUAAdihydrouridine[show modification pathway]');return false"">D--GGdihydrouridine[show modification pathway]');return false"">D--AAAACAGpseudouridine[show modification pathway]');return false"">PUGpseudouridine[show modification pathway]');return false"">PCU5-carboxymethylaminomethyl-2-thiouridine[show modification pathway]');return false"">$UUN6-threonylcarbamoyladenosine[show modification pathway]');return false"">6AGCAACCC-------------------A-UGC_GGTpseudouridine[show modification pathway]');return false"">PCAACUCCAGCUAUUCUCACCA",""
"tRNA ","Met ","CAU ","Saccharomyces cerevisiae ","mitochondrial ","-GCUUGUAUAGUUUAAdihydrouridine[show modification pathway]');return false"">Ddihydrouridine[show modification pathway]');return false"">D-GGdihydrouridine[show modification pathway]');return false"">DU-AAAACAUUUGpseudouridine[show modification pathway]');return false"">PCUCAUN6-threonylcarbamoyladenosine[show modification pathway]');return false"">6AAUAAAUA-------------------AUGUAAGGTpseudouridine[show modification pathway]');return false"">PCAAUUCCUUCUACAAGUACCA",""
"tRNA ","Ser ","GCU ","Saccharomyces cerevisiae ","mitochondrial ","-GGAAAAUUAACUAdihydrouridine[show modification pathway]');return false"">DA---GGdihydrouridine[show modification pathway]');return false"">D--AAAGU_AUUApseudouridine[show modification pathway]');return false"">Ppseudouridine[show modification pathway]');return false"">PUGCUAAGUAAUU-GAAUU--GUA----AAUUCU-UAUGAGTpseudouridine[show modification pathway]');return false"">PCGAAUCUCAUAUUUUCCGCCA",""
"tRNA ","Tyr ","GUA ","Saccharomyces cerevisiae ","mitochondrial ","-GGAGGGAUUUUCAAUGUdihydrouridine[show modification pathway]');return false"">DGGdihydrouridine[show modification pathway]');return false"">DAGUUGGAN2-methylguanosine[show modification pathway]');return false"">Lpseudouridine[show modification pathway]');return false"">PUGAGCUGUAN6-isopentenyladenosine[show modification pathway]');return false"">+ACUCAAU-GACU---UA------GGUCUUCAUAGGTpseudouridine[show modification pathway]');return false"">PCAAUUCCUAUUCCCUUCACCA",""
"tRNA ","Ini ","CAU ","Saccharomyces cerevisiae ","mitochondrial ","-UGCAAUAUGAUGUAAdihydrouridine[show modification pathway]');return false"">DU-GGdihydrouridine[show modification pathway]');return false"">DU-AACAUUUUAGGGUCAU1-methylguanosine[show modification pathway]');return false"">KACCUAAUU-------------------A-UAUACGTpseudouridine[show modification pathway]');return false"">PCAAAUCGUAUUAUUGCpseudouridine[show modification pathway]');return false"">PACCA",""
"tRNA ","Phe ","GAA ","Saccharomyces cerevisiae ","mitochondrial ","-GCUUUUAUAGCUUAGdihydrouridine[show modification pathway]');return false"">D--GGdihydrouridine[show modification pathway]');return false"">D--AAAGCN2,N2-dimethylguanosine[show modification pathway]');return false"">RAUAAApseudouridine[show modification pathway]');return false"">PUGAA1-methylguanosine[show modification pathway]');return false"">KApseudouridine[show modification pathway]');return false"">PUUAUUU-------------------A-CAU_AGUpseudouridine[show modification pathway]');return false"">PCGAUUCUCAUUAAGGGCACCA",""
"tRNA ","Gly ","NCC ","Saccharomyces cerevisiae ","mitochondrial ","-AUAGAUAUAAGUUAAUdihydrouridine[show modification pathway]');return false"">D-GGdihydrouridine[show modification pathway]');return false"">D--AAACUN2,N2-dimethylguanosine[show modification pathway]');return false"">RGAUGpseudouridine[show modification pathway]');return false"">PCUunknown modified uridine[show modification pathway]');return false"">NCCN6-isopentenyladenosine[show modification pathway]');return false"">+AACAUUGA-------------------A-UGCGAGTpseudouridine[show modification pathway]');return false"">PCGAUUCUCGCUAUCUAUACCA",""
"tRNA ","His ","GUG ","Saccharomyces cerevisiae ","mitochondrial ","GGUGAAUAUAUUUCAAdihydrouridine[show modification pathway]');return false"">D--GGdihydrouridine[show modification pathway]');return false"">D--AGAAAApseudouridine[show modification pathway]');return false"">PACGCpseudouridine[show modification pathway]');return false"">PUGUG1-methylguanosine[show modification pathway]');return false"">Kpseudouridine[show modification pathway]');return false"">PGCGUUAA-------------------A-UCUGAGTpseudouridine[show modification pathway]');return false"">PCGAUUCUCAGUAUUCACCCCA",""
"tRNA ","Pro ","UGG ","Saccharomyces cerevisiae ","mitochondrial ","-CAGAUAGAAGCCAAAA--GGdihydrouridine[show modification pathway]');return false"">D--CAGGCN2-methylguanosine[show modification pathway]');return false"">LCUUUCpseudouridine[show modification pathway]');return false"">PUUGG1-methylguanosine[show modification pathway]');return false"">KAGAAAGAC-------------------CUAGUUAGTpseudouridine[show modification pathway]');return false"">PCGAGUCUAUCCUAUCUGACCA",""
"tRNA ","Arg ","ACG ","Saccharomyces cerevisiae ","mitochondrial ","-AUAUCUUUAAUUUAAdihydrouridine[show modification pathway]');return false"">D--GGdihydrouridine[show modification pathway]');return false"">D--AAAAUApseudouridine[show modification pathway]');return false"">PUAGAAUACGAApseudouridine[show modification pathway]');return false"">PCUAAUU-------------------A-UAUAGGTpseudouridine[show modification pathway]');return false"">PCAAAUCCUAUAAGAUAUUCCA",""
"tRNA ","Arg ","NCU ","Saccharomyces cerevisiae ","mitochondrial ","-GCUCUCUUAGCUUAAdihydrouridine[show modification pathway]');return false"">D--GGdihydrouridine[show modification pathway]');return false"">DU-AAAGCApseudouridine[show modification pathway]');return false"">PAAUACUunknown modified uridine[show modification pathway]');return false"">NCUN6-threonylcarbamoyladenosine[show modification pathway]');return false"">6Apseudouridine[show modification pathway]');return false"">PAUUAAU-------------------AUUCCAUGTpseudouridine[show modification pathway]');return false"">PCAAAUCAUGGAGAGAGUACCA",""
"tRNA ","Ser ","UGA ","Saccharomyces cerevisiae ","mitochondrial ","-GGAUGGUUGACUGAGdihydrouridine[show modification pathway]');return false"">D--GGdihydrouridine[show modification pathway]');return false"">DUUAAAGUN2-methylguanosine[show modification pathway]');return false"">Lpseudouridine[show modification pathway]');return false"">PGAUApseudouridine[show modification pathway]');return false"">PUUGA1-methylguanosine[show modification pathway]');return false"">KCpseudouridine[show modification pathway]');return false"">PAUCAU-UAGUCU-UUAU--UGGCUA--CGUAGGTpseudouridine[show modification pathway]');return false"">PCAAAUCCUACAUCAUCCGCCA",""
"tRNA ","Ser ","UGA ","Saccharomyces cerevisiae ","mitochondrial ","-GGAUGGUUGACUGAGdihydrouridine[show modification pathway]');return false"">D--GGdihydrouridine[show modification pathway]');return false"">DUUAAAGUN2-methylguanosine[show modification pathway]');return false"">LUGAUApseudouridine[show modification pathway]');return false"">PUUGA1-methylguanosine[show modification pathway]');return false"">KCpseudouridine[show modification pathway]');return false"">PAUCAU-UAGUCU-UUAU--UGGCUA--CGUAGGTpseudouridine[show modification pathway]');return false"">PCAAAUCCUACAUCAUCCGCCA",""
"tRNA ","Thr ","UAG ","Saccharomyces cerevisiae ","mitochondrial ","-GUAAAUAUAAUUUAAdihydrouridine[show modification pathway]');return false"">D--GGdihydrouridine[show modification pathway]');return false"">D--AAAAUN2-methylguanosine[show modification pathway]');return false"">Lpseudouridine[show modification pathway]');return false"">PAUGpseudouridine[show modification pathway]');return false"">P_UUAG1-methylguanosine[show modification pathway]');return false"">Kpseudouridine[show modification pathway]');return false"">PGCAUAUU-------------------A-UCUAAGTpseudouridine[show modification pathway]');return false"">PCAAAUCUUAGUAUUUACACCA",""
"tRNA ","Trp ","!CA ","Saccharomyces cerevisiae ","mitochondrial ","-AAGGAUAUAGUUUAAdihydrouridine[show modification pathway]');return false"">D--GGdihydrouridine[show modification pathway]');return false"">D--AAAACAGUUGApseudouridine[show modification pathway]');return false"">PU5-carboxymethylaminomethyluridine[show modification pathway]');return false"">!CAunknown modified adenosine[show modification pathway]');return false"">HApseudouridine[show modification pathway]');return false"">PCAAUCA-------------------U-UAGGAGTpseudouridine[show modification pathway]');return false"">PCGAAUCUCUUUAUCCUUGCCA",""